table,key,ko,en,ja,zh-Hans,note
CNT_Item,CNT_Fig_Ball_NAME,끈끈이 공,Sticky Ball,ねばねばボール,粘粘球,
CNT_Item,CNT_Fig_Ball_DESC,주사위를 리롤할 때마다 체력 +1 회복,Restores 1 HP every time you reroll a die,サイコロをリロールするたびにHP+1回復,每次重投骰子时恢复1点体力,
CNT_Item,CNT_Fig_Mushroom_NAME,버섯,Mushroom,キノコ,蘑菇,
CNT_Item,CNT_Fig_Mushroom_DESC,[눈금 2] 3개 이상 결산 시 체력 +5 회복,Restores 5 HP when 3 or more dice showing [2] are scored,[目2]が3個以上決算されるとHP+5回復,结算中出现3个以上[点数2]时，恢复5点体力,
CNT_Item,CNT_Fig_GoblinShield_NAME,고블린 방패,Goblin Shield,ゴブリンの盾,哥布林盾,
CNT_Item,CNT_Fig_GoblinShield_DESC,"피격 시 받는 피해 3 감소, 전투 시작 후 첫 턴 동안 받는 피해 추가 50% 감소 (매복)","Reduces damage taken by 3 when hit; during the first turn of battle, damage taken is further reduced by 50% (Ambush)",被弾時のダメージ-3。戦闘開始後の最初のターンはダメージがさらに50%減少(奇襲),受到攻击时伤害减少3点；战斗开始后的第一回合，受到的伤害额外减少50%（伏击）,
CNT_Item,CNT_Fig_Quiver_NAME,화살통,Quiver,矢筒,箭筒,
CNT_Item,CNT_Fig_Quiver_DESC,[스트레이트] 완성 시 칩수 +50,+50 Chips on completing [Straight],[ストレート]完成時、チップ+50,完成【顺子】时，筹码+50,
CNT_Item,CNT_Fig_StoneAxe_NAME,돌도끼,Stone Axe,石斧,石斧,
CNT_Item,CNT_Fig_StoneAxe_DESC,[트리플] 완성 시 칩수 +10 (사용한 눈이 모두 6이면 칩수 +40),+10 Chips on completing [Triple] (+40 Chips instead if all dice used show 6),[スリーカード]完成時、チップ+10(使用した目が全て6ならチップ+40),完成【三条】时，筹码+10（若所用点数均为6，则筹码+40）,
CNT_Item,CNT_Fig_Emerald_NAME,에메랄드,Emerald,エメラルド,绿宝石,
CNT_Item,CNT_Fig_Emerald_DESC,게임 시작 시 골드 +80 즉시 획득,Immediately gain +80 gold at the start of the game,ゲーム開始時、ゴールド+80を即座に獲得,游戏开始时立即获得+80金币,
CNT_Item,CNT_Fig_TurtleShell_NAME,거북 등껍질,Turtle Shell,亀の甲羅,龟壳,
CNT_Item,CNT_Fig_TurtleShell_DESC,"최대 체력 +40, 피격 시 받는 피해 3 감소",+40 max HP; reduces damage taken by 3 when hit,最大HP+40。被弾時のダメージ-3,最大体力+40；受到攻击时伤害减少3点,
CNT_Item,CNT_Fig_BladeScale_NAME,칼날 비늘,Blade Scale,刃の鱗,刃鳞,
CNT_Item,CNT_Fig_BladeScale_DESC,주사위를 리롤할 때마다 적에게 피해 6,Deals 6 damage to the enemy every time you reroll a die,サイコロをリロールするたびに敵に6ダメージ,每次重投骰子时，对敌人造成6点伤害,
CNT_Item,CNT_Fig_GladiatorHeadband_NAME,투기의 머리띠,Fighting Spirit Headband,闘気のハチマキ,斗气头带,
CNT_Item,CNT_Fig_GladiatorHeadband_DESC,체력 50% 이하일 때 배수 +2.0 상시 적용,"While HP is at 50% or below, permanently applies +2.0 multiplier",HPが50%以下の時、倍率+2.0を常時適用,体力在50%以下时，持续增加倍率+2.0,
CNT_Item,CNT_Fig_LightningHorseshoe_NAME,번개 편자,Lightning Horseshoe,雷の蹄鉄,雷电马蹄铁,
CNT_Item,CNT_Fig_LightningHorseshoe_DESC,[투 페어] 완성 시 배수 +1.2,+1.2 multiplier on completing [Two Pair],[ツーペア]完成時、倍率+1.2,完成【两对】时，倍率+1.2,
CNT_Item,CNT_Fig_SolgaEye_NAME,솔가의 눈,Solgar's Eye,ソルガの目,索尔加之眼,
CNT_Item,CNT_Fig_SolgaEye_DESC,[눈금 1] 3개 이상 결산 시 기본 칩수 +100,+100 base Chips when 3 or more dice showing [1] are scored,[目1]が3個以上決算されると基本チップ+100,结算中出现3个以上[点数1]时，基础筹码+100,
CNT_Item,CNT_Fig_ClayMonk_NAME,찰흙 동자승,Clay Acolyte,粘土の童子僧,泥塑童僧,
CNT_Item,CNT_Fig_ClayMonk_DESC,스낵 사용 4회마다 1회 소멸하지 않음 (누적 0/4),Every 4th Snack use is not consumed (0/4 stacks),スナックを4回使用するごとに1回消滅しない(累積0/4),每使用4次零食，其中1次不会消耗（累计0/4）,
CNT_Item,CNT_Fig_BuddhaNose_NAME,불상의 코,Buddha's Nose,仏像の鼻,佛像之鼻,
CNT_Item,CNT_Fig_BuddhaNose_DESC,[트리플] 완성 시 배수 +1.3,+1.3 multiplier on completing [Triple],[スリーカード]完成時、倍率+1.3,完成【三条】时，倍率+1.3,
CNT_Item,CNT_Fig_OldPrayerBeads_NAME,오래된 염주,Old Rosary,古い数珠,旧念珠,
CNT_Item,CNT_Fig_OldPrayerBeads_DESC,"최대 체력 +15, 전투 종료 시 체력 +3 회복",+15 max HP; restores 3 HP at the end of battle,最大HP+15。戦闘終了時、HP+3回復,最大体力+15；战斗结束时恢复3点体力,
CNT_Item,CNT_Fig_AshCenser_NAME,재의 향로,Ash Censer,灰の香炉,灰烬香炉,
CNT_Item,CNT_Fig_AshCenser_DESC,주사위를 파괴할 때마다 영구 칩수 +2,Permanently +2 Chips every time a die is destroyed,サイコロを破壊するたびに永久チップ+2,每次摧毁骰子时，永久增加2点筹码,
CNT_Item,CNT_Fig_RedLotus_NAME,붉은 연꽃,Red Lotus,赤い蓮,红莲,
CNT_Item,CNT_Fig_RedLotus_DESC,[원 페어] 완성 시 잃은 체력의 10% 즉시 회복,Instantly recover 10% of lost HP on completing [One Pair],[ワンペア]完成時、失ったHPの10%を即座に回復,完成【一对】时，立即恢复已损失体力的10%,
CNT_Item,CNT_Fig_GuanyinCrown_NAME,관음 왕관,Goddess Crown,観音の王冠,观音王冠,
CNT_Item,CNT_Fig_GuanyinCrown_DESC,"[풀하우스] 완성 시 칩수 +30, 골드 +30",+30 Chips and +30 gold on completing [Full House],[フルハウス]完成時、チップ+30、ゴールド+30,完成【葫芦】时，筹码+30，金币+30,
CNT_Item,CNT_Fig_JaguarDoll_NAME,재규어 인형,Jaguar Doll,ジャガーの人形,美洲豹玩偶,
CNT_Item,CNT_Fig_JaguarDoll_DESC,[눈금 6] 3개 이상 결산 시 칩수 +30,+30 Chips when 3 or more dice showing [6] are scored,[目6]が3個以上決算されるとチップ+30,结算中出现3个以上[点数6]时，筹码+30,
CNT_Item,CNT_Fig_MangroveMushroom_NAME,맹그로브 버섯,Mangrove Mushroom,マングローブキノコ,红树林蘑菇,
CNT_Item,CNT_Fig_MangroveMushroom_DESC,전투 종료 시 남은 스낵 1개당 체력 +3 회복,Restores 3 HP for each remaining Snack at the end of battle,戦闘終了時、残っているスナック1個につきHP+3回復,战斗结束时，每剩余1个零食恢复3点体力,
CNT_Item,CNT_Fig_ButterflyRing_NAME,나비 반지,Butterfly Ring,蝶の指輪,蝴蝶戒指,
CNT_Item,CNT_Fig_ButterflyRing_DESC,주사위 코팅 구매 비용 20% 할인,Dice coating purchase cost -20%,サイコロコーティングの購入費用20%割引,骰子涂层购买费用减少20%,
CNT_Item,CNT_Fig_Banana_NAME,바나나,Banana,バナナ,香蕉,
CNT_Item,CNT_Fig_Banana_DESC,[눈금 3] 3개 이상 결산 시 최대 체력 +1,+1 max HP when 3 or more dice showing [3] are scored,[目3]が3個以上決算されると最大HP+1,结算中出现3个以上[点数3]时，最大体力+1,
CNT_Item,CNT_Fig_VineMask_NAME,덩굴 가면,Vine Mask,蔓の仮面,藤蔓面具,
CNT_Item,CNT_Fig_VineMask_DESC,적 스킬 사용 시 30% 확률로 무효화,30% chance to nullify an enemy skill when used,敵がスキルを使用した時、30%の確率で無効化,敌人使用技能时，有30%概率使其无效,
CNT_Item,CNT_Fig_BananaCrown_NAME,바나나 왕관,Banana Crown,バナナの王冠,香蕉王冠,
CNT_Item,CNT_Fig_BananaCrown_DESC,최대 체력 +10%,+10% max HP,最大HP+10%,最大体力+10%,
CNT_Item,CNT_Fig_FennecTail_NAME,사막여우 꼬리,Desert Fox Tail,砂漠狐の尾,沙漠狐尾,
CNT_Item,CNT_Fig_FennecTail_DESC,[투 페어] 완성 시 배수 +1.5,+1.5 multiplier on completing [Two Pair],[ツーペア]完成時、倍率+1.5,完成【两对】时，倍率+1.5,
CNT_Item,CNT_Fig_SandShield_NAME,모래 방패,Sand Shield,砂の盾,沙盾,
CNT_Item,CNT_Fig_SandShield_DESC,피격 시 받는 피해 5 감소,Reduces damage taken by 5 when hit,被弾時のダメージ-5,受到攻击时伤害减少5点,
CNT_Item,CNT_Fig_SandNecklace_NAME,모래 목걸이,Sand Necklace,砂の首飾り,沙项链,
CNT_Item,CNT_Fig_SandNecklace_DESC,주사위 위성 구매 비용 20% 할인,Satellite purchase cost -20%,サイコロ衛星の購入費用20%割引,卫星购买费用减少20%,
CNT_Item,CNT_Fig_CactusPot_NAME,선인장 화분,Cactus Pot,サボテンの鉢,仙人掌花盆,
CNT_Item,CNT_Fig_CactusPot_DESC,피격 시 적에게 피해 5 반사,Reflects 5 damage to the enemy when hit,被弾時、敵に5ダメージを反射,受到攻击时，反弹5点伤害给敌人,
CNT_Item,CNT_Fig_BottledMirage_NAME,유리병 속 신기루,Mirage in a Bottle,瓶の中の蜃気楼,瓶中幻影,
CNT_Item,CNT_Fig_BottledMirage_DESC,[누적 처치 30] 달성 시 1회 부활 (0/30),Revive once upon reaching [30 cumulative kills] (0/30),[累計撃破30]達成時に1回復活する(0/30),达成【累计击杀30】时复活1次（0/30）,
CNT_Item,CNT_Fig_SandwormDoll_NAME,모래벌레 인형,Sandworm Doll,サンドワームの人形,沙虫玩偶,
CNT_Item,CNT_Fig_SandwormDoll_DESC,[스트레이트] 완성 시 배수 +2.0,+2.0 multiplier on completing [Straight],[ストレート]完成時、倍率+2.0,完成【顺子】时，倍率+2.0,
CNT_Item,CNT_Fig_Hourglass_NAME,모래시계,Hourglass,砂時計,沙漏,
CNT_Item,CNT_Fig_Hourglass_DESC,매 전투 첫 턴에 리롤 기회 +1,+1 reroll on the first turn of every battle,毎戦闘の最初のターンにリロール回数+1,每场战斗的第一回合，重投次数+1,
CNT_Item,CNT_Fig_Tutankhamun_NAME,투탕카멘,Tutankhamun,ツタンカーメン,图坦卡蒙,
CNT_Item,CNT_Fig_Tutankhamun_DESC,[야추] 완성 시 전투 승리 보상 골드 2배,Doubles gold from battle victory rewards after completing [Yacht],[ヤッツィー]完成時、戦闘勝利報酬のゴールドが2倍になる,完成【快艇】时，战斗胜利奖励金币翻倍,
CNT_Item,CNT_Fig_PhilosophersStone_NAME,현자의 돌,Sage's Stone,賢者の石,贤者之石,
CNT_Item,CNT_Fig_PhilosophersStone_DESC,"[스트레이트] 완성 시 코팅 진행도 +1 (누적 0/5, 달성 시 무작위 코팅 1개 획득)","+1 Coating progress on completing [Straight] (0/5 stacks; upon reaching 5, gain 1 random Coating)",[ストレート]完成時、コーティング進行度+1(累積0/5、達成時にランダムなコーティングを1個獲得),完成【顺子】时，涂层进度+1（累计0/5，达成时获得1个随机涂层）,
CNT_Item,CNT_Fig_GargoyleDice_NAME,가고일 주사위,Gargoyle Dice,ガーゴイルダイス,石像鬼骰子,
CNT_Item,CNT_Fig_GargoyleDice_DESC,[눈금 3] 3개 이상 결산 시 칩수 +44,+44 Chips when 3 or more dice showing [3] are scored,[目3]が3個以上決算されるとチップ+44,结算中出现3个以上[点数3]时，筹码+44,
CNT_Item,CNT_Fig_DartDice_NAME,다트 주사위,Dart Dice,ダーツダイス,飞镖骰子,
CNT_Item,CNT_Fig_DartDice_DESC,[원 페어] 완성 시 현재 칩수만큼 적에게 피해,"On completing [One Pair], deal damage to the enemy equal to your current Chip count",[ワンペア]完成時、現在のチップ数と同じ量のダメージを敵に与える,完成【一对】时，对敌人造成等同于当前筹码数的伤害,
CNT_Item,CNT_Fig_GoldSkull_NAME,황금 해골,Golden Skull,黄金の髑髏,黄金骷髅,
CNT_Item,CNT_Fig_GoldSkull_DESC,전투 종료 시 소지 골드의 10% 추가 획득,Gain an extra 10% of your current gold at the end of battle,戦闘終了時、所持ゴールドの10%を追加獲得,战斗结束时，额外获得所持金币的10%,
CNT_Item,CNT_Fig_TreasureChest_NAME,보물상자,Treasure Chest,宝箱,宝箱,
CNT_Item,CNT_Fig_TreasureChest_DESC,전투 승리 보상 선택지 +1개 (총 2개 중 선택),+1 battle victory reward option (choose 1 from 2 total),戦闘勝利報酬の選択肢+1個(合計2個から選択),战斗胜利奖励选项+1个（共2个中选择）,
CNT_Item,CNT_Fig_GiantEmblem_NAME,거신의 징표,Titan's Sigil,巨神の証,巨神徽记,
CNT_Item,CNT_Fig_GiantEmblem_DESC,[포카드] 완성 시 적에게 피해 80,Deals 80 damage to the enemy on completing [Four of a Kind],[フォーカード]完成時、敵に80ダメージ,完成【四条】时，对敌人造成80点伤害,
CNT_Item,CNT_Fig_HardHat_NAME,안전모,Safety Helmet,安全ヘルメット,安全帽,
CNT_Item,CNT_Fig_HardHat_DESC,"최대 체력 +30, 체력 30% 이하일 때 받는 피해 40% 감소",+30 max HP; damage taken reduced by 40% when HP is 30% or below,最大HP+30。HPが30%以下の時、受けるダメージ40%減少,最大体力+30；体力在30%以下时，受到的伤害减少40%,
CNT_Item,CNT_Fig_Candle_NAME,양초,Candle,蝋燭,蜡烛,
CNT_Item,CNT_Fig_Candle_DESC,시야 방해 및 어둠 디버프를 완전 면역,Complete immunity to vision-blocking and darkness debuffs,視界妨害および暗闇デバフを完全免疫,完全免疫视野遮蔽与黑暗类减益效果,
CNT_Item,CNT_Fig_ObsidianCube_NAME,흑요석 큐브,Obsidian Cube,黒曜石のキューブ,黑曜石方块,
CNT_Item,CNT_Fig_ObsidianCube_DESC,[눈금 4] 3개 이상 결산 시 보호막 +35,+35 Shield when 3 or more dice showing [4] are scored,[目4]が3個以上決算されるとシールド+35,结算中出现3个以上[点数4]时，护盾+35,
CNT_Item,CNT_Fig_BatDice_NAME,박쥐 주사위,Bat Dice,コウモリダイス,蝙蝠骰子,
CNT_Item,CNT_Fig_BatDice_DESC,가한 피해량의 15%만큼 체력 흡수,Drains HP equal to 15% of damage dealt,与えたダメージの15%分HPを吸収,吸取造成伤害的15%作为体力,
CNT_Item,CNT_Fig_AncientRune_NAME,고대의 룬,Ancient Rune,古代のルーン,古代符文,
CNT_Item,CNT_Fig_AncientRune_DESC,[야추] 완성 시 무작위 족보 레벨 +1,+1 level to a random hand on completing [Yacht],[ヤッツィー]完成時、ランダムな役のレベル+1,完成【快艇】时，随机一个牌型等级+1,
CNT_Item,CNT_Fig_HellhoundFang_NAME,지옥견 송곳니,Hellhound Fang,地獄犬の牙,地狱犬之牙,
CNT_Item,CNT_Fig_HellhoundFang_DESC,[눈금 3] 또는 [눈금 5] 3개 이상 결산 시 적에게 화상 30 부여,Applies 30 Burn to the enemy when 3 or more dice showing [3] or [5] are scored,[目3]または[目5]が3個以上決算されると敵に火傷30付与,结算中出现3个以上[点数3]或[点数5]时，对敌人施加30点灼烧,
CNT_Item,CNT_Fig_LavaJelly_NAME,용암 젤리,Lava Jelly,溶岩ゼリー,熔岩果冻,
CNT_Item,CNT_Fig_LavaJelly_DESC,스낵 사용 시 적에게 화상 4 부여,Applies 4 Burn to the enemy when a Snack is used,スナック使用時、敵に火傷4付与,使用零食时，对敌人施加4点灼烧,
CNT_Item,CNT_Fig_FlameCollar_NAME,화염 목줄,Flame Collar,炎の首輪,火焰项圈,
CNT_Item,CNT_Fig_FlameCollar_DESC,전투 시작 시 적에게 화상 20 부여,Applies 20 Burn to the enemy at the start of battle,戦闘開始時、敵に火傷20付与,战斗开始时，对敌人施加20点灼烧,
CNT_Item,CNT_Fig_LavaMask_NAME,용암 가면,Lava Mask,溶岩の仮面,熔岩面具,
CNT_Item,CNT_Fig_LavaMask_DESC,체력이 15% 이하로 떨어지면 적에게 화상 120 부여,Applies 120 Burn to the enemy when your HP drops to 15% or below,HPが15%以下まで下がると敵に火傷120付与,体力降至15%以下时，对敌人施加120点灼烧,
CNT_Item,CNT_Fig_BumpyHelmet_NAME,울퉁불퉁 헬멧,Bumpy Helmet,でこぼこヘルメット,凹凸头盔,
CNT_Item,CNT_Fig_BumpyHelmet_DESC,받는 피해 10% 감소,Damage taken reduced by 10%,受けるダメージ10%減少,受到的伤害减少10%,
CNT_Item,CNT_Fig_PhoenixFeather_NAME,불사조 깃털,Phoenix Feather,不死鳥の羽根,凤凰羽毛,
CNT_Item,CNT_Fig_PhoenixFeather_DESC,[회차당 1회] 사망 시 최대 체력 100%로 즉시 부활,[Once per run] Instantly revive with 100% max HP upon death,[1回のランで1回]死亡時、最大HP100%で即座に復活,【每局1次】死亡时立即以100%最大体力复活,
CNT_Item,CNT_Fig_VolcanicWeb_NAME,화산 거미줄,Volcanic Web,火山の蜘蛛の糸,火山蜘蛛丝,
CNT_Item,CNT_Fig_VolcanicWeb_DESC,리롤 4회마다 적에게 화상 20 부여 (누적 0/4),Applies 20 Burn to the enemy every 4 rerolls (0/4 stacks),リロール4回ごとに敵に火傷20付与(累積0/4),每重投4次，对敌人施加20点灼烧（累计0/4）,
CNT_Item,CNT_Fig_WyrmlingEgg_NAME,아룡의 알,Drake Egg,亜竜の卵,亚龙之卵,
CNT_Item,CNT_Fig_WyrmlingEgg_DESC,[야추] 완성 시 보유 피규어 수만큼 배수 +0.1,+0.1 multiplier per Figure owned on completing [Yacht],[ヤッツィー]完成時、所持フィギュア数につき倍率+0.1,完成【快艇】时，按持有手办数量增加倍率+0.1,
CNT_Item,CNT_Fig_ZombieMushroom_NAME,좀비 버섯,Zombie Mushroom,ゾンビキノコ,僵尸蘑菇,
CNT_Item,CNT_Fig_ZombieMushroom_DESC,[회차당 1회] 사망 시 최대 체력 10%로 즉시 부활,[Once per run] Instantly revive with 10% max HP upon death,[1回のランで1回]死亡時、最大HP10%で即座に復活,【每局1次】死亡时立即以10%最大体力复活,
CNT_Item,CNT_Fig_WitchLantern_NAME,마녀의 랜턴,Witch's Lantern,魔女のランタン,女巫提灯,
CNT_Item,CNT_Fig_WitchLantern_DESC,[스트레이트] 완성 시 적의 패시브 2턴간 무효화,Nullifies the enemy's passive for 2 turns on completing [Straight],[ストレート]完成時、敵のパッシブを2ターン無効化,完成【顺子】时，使敌人被动效果失效2回合,
CNT_Item,CNT_Fig_LizardTail_NAME,도마뱀 꼬리,Lizard Tail,トカゲの尾,蜥蜴尾,
CNT_Item,CNT_Fig_LizardTail_DESC,[회차당 1회] 사망 시 최대 체력 50%로 즉시 부활,[Once per run] Instantly revive with 50% max HP upon death,[1回のランで1回]死亡時、最大HP50%で即座に復活,【每局1次】死亡时立即以50%最大体力复活,
CNT_Item,CNT_Fig_HydraDoll_NAME,히드라 인형,Hydra Doll,ヒドラの人形,九头蛇玩偶,
CNT_Item,CNT_Fig_HydraDoll_DESC,[트리플] 완성 시 배수 +3.0,+3.0 multiplier on completing [Triple],[スリーカード]完成時、倍率+3.0,完成【三条】时，倍率+3.0,
CNT_Item,CNT_Fig_Sandcastle_NAME,모래성,Sandcastle,砂の城,沙堡,
CNT_Item,CNT_Fig_Sandcastle_DESC,전투 종료 시 최대 체력 +1,+1 max HP at the end of battle,戦闘終了時、最大HP+1,战斗结束时，最大体力+1,
CNT_Item,CNT_Fig_CoconutHelmet_NAME,코코넛 헬멧,Coconut Helmet,ココナッツヘルメット,椰子头盔,
CNT_Item,CNT_Fig_CoconutHelmet_DESC,최대 체력 +50,+50 max HP,最大HP+50,最大体力+50,
CNT_Item,CNT_Fig_LobsterDoll_NAME,가재 인형,Crayfish Doll,ザリガニの人形,小龙虾玩偶,
CNT_Item,CNT_Fig_LobsterDoll_DESC,"[투 페어] 완성 시 칩수 +40, 더 높은 페어의 눈×10만큼 칩수 추가","+40 Chips on completing [Two Pair], plus additional Chips equal to the higher pair's pip value ×10",[ツーペア]完成時、チップ+40、より高いペアの目×10分のチップを追加,完成【两对】时，筹码+40，另外按较高一对的点数×10增加筹码,
CNT_Item,CNT_Fig_OldLetter_NAME,남겨진 편지,Letter Left Behind,残された手紙,留下的信,
CNT_Item,CNT_Fig_OldLetter_DESC,활성화된 도감 시너지 1개당 칩수 +10,+10 Chips for each active Collection Synergy,発動中の図鑑シナジー1個につきチップ+10,每激活1个图鉢联动，筹码+10,
CNT_Item,CNT_Fig_Seashell_NAME,조개 껍질,Clam Shell,貝殻,贝壳,
CNT_Item,CNT_Fig_Seashell_DESC,전투 종료 시 남은 주사위 1개당 골드 +50,+50 gold for each remaining die at the end of battle,戦闘終了時、残っているサイコロ1個につきゴールド+50,战斗结束时，每剩余1个骰子获得50金币,
CNT_Item,CNT_Fig_CaptainHat_NAME,선장의 모자,Captain's Hat,船長の帽子,船长帽,
CNT_Item,CNT_Fig_CaptainHat_DESC,[풀하우스] 완성 시 칩수 +60 (전투당 최초 완성 시 +60 추가),+60 Chips on completing [Full House] (an additional +60 the first time per battle),[フルハウス]完成時、チップ+60(戦闘ごとの最初の完成時はさらに+60),完成【葫芦】时，筹码+60（每场战斗首次完成额外+60）,
CNT_Item,CNT_Fig_OctopusDice_NAME,문어 다이스,Octopus Dice,タコダイス,章鱼骰子,
CNT_Item,CNT_Fig_OctopusDice_DESC,"[포카드] 완성 시 칩수 +80, 미사용 주사위 1개당 칩수 +20 추가","+80 Chips on completing [Four of a Kind], plus +20 Chips for each unused die",[フォーカード]完成時、チップ+80、未使用サイコロ1個につきチップ+20を追加,完成【四条】时，筹码+80，另外每有1个未使用骰子增加20筹码,
CNT_Item,CNT_Fig_StingrayDice_NAME,가오리 다이스,Manta Dice,マンタダイス,蝠鲼骰子,
CNT_Item,CNT_Fig_StingrayDice_DESC,[포카드] 완성 시 적용된 모든 디버프 해제,Removes all debuffs on completing [Four of a Kind],[フォーカード]完成時、付与された全てのデバフを解除,完成【四条】时，解除所有已附加的减益效果,
CNT_Item,CNT_Fig_WhirlpoolTrophy_NAME,소용돌이 트로피,Whirlpool Trophy,渦のトロフィー,旋涡奖杯,
CNT_Item,CNT_Fig_WhirlpoolTrophy_DESC,전투 종료 시 처치한 적의 체력만큼 골드 획득,Gain gold equal to the defeated enemy's HP at the end of battle,戦闘終了時、撃破した敵のHPと同じ量のゴールドを獲得,战斗结束时，获得等同于被击败敌人体力的金币,
CNT_Item,CNT_Fig_SharkDice_NAME,상어 다이스,Shark Dice,サメダイス,鲨鱼骰子,
CNT_Item,CNT_Fig_SharkDice_DESC,[풀하우스] 완성 시 적 남은 체력의 20% 피해,Deals damage equal to 20% of the enemy's remaining HP on completing [Full House],[フルハウス]完成時、敵の残りHPの20%のダメージ,完成【葫芦】时，造成敌人剩余体力20%的伤害,
CNT_Item,CNT_Fig_Bone_NAME,뼈다구,Bone,骨,骨头,
CNT_Item,CNT_Fig_Bone_DESC,사망 위기를 넘길 때마다 영구 배수 +3.0,Permanently +3.0 multiplier every time you survive a near-death moment,死の危機を乗り越えるたびに永久倍率+3.0,每次挺过死亡危机时，永久增加倍率+3.0,
CNT_Item,CNT_Fig_AbyssalEye_NAME,심연의 동공,Abyssal Pupil,深淵の瞳,深渊瞳孔,
CNT_Item,CNT_Fig_AbyssalEye_DESC,[투 페어] 완성 시 적에게 적용된 모든 디버프 지속시간 +1턴,+1 turn duration to all debuffs applied to the enemy on completing [Two Pair],[ツーペア]完成時、敵に付与された全てのデバフの持続時間+1ターン,完成【两对】时，敌人身上所有减益效果持续时间+1回合,
CNT_Item,CNT_Fig_AnglerfishDoll_NAME,아귀 인형,Angler Doll,アンコウの人形,鮟鱇玩偶,
CNT_Item,CNT_Fig_AnglerfishDoll_DESC,전투 시작 시 적의 최대 체력 15% 감소,Reduces the enemy's max HP by 15% at the start of battle,戦闘開始時、敵の最大HPを15%減少,战斗开始时，敌人最大体力减少15%,
CNT_Item,CNT_Fig_Starfish_NAME,불가사리,Starfish,ヒトデ,海星,
CNT_Item,CNT_Fig_Starfish_DESC,[전투당 1회] [야추] 완성 시 잃은 체력의 10% 즉시 회복,[Once per battle] Instantly recover 10% of lost HP on completing [Yacht],[戦闘ごとに1回][ヤッツィー]完成時、失ったHPの10%を即座に回復,【每场战斗1次】完成【快艇】时，立即恢复已损失体力的10%,
CNT_Item,CNT_Fig_SnowflakeCrystal_NAME,눈꽃 결정,Snowflake Crystal,雪の結晶,雪花结晶,
CNT_Item,CNT_Fig_SnowflakeCrystal_DESC,아이스 코팅에 배수 +1.2 효과 추가,Adds a +1.2 multiplier effect to Ice Coating,アイスコーティングに倍率+1.2の効果を追加,为冰霜涂层附加倍率+1.2效果,
CNT_Item,CNT_Fig_GlacierDice_NAME,만년설 다이스,Permafrost Dice,万年雪ダイス,万年雪骰子,
CNT_Item,CNT_Fig_GlacierDice_DESC,아이스 코팅에 칩수 +10 효과 추가,Adds a +10 Chips effect to Ice Coating,アイスコーティングにチップ+10の効果を追加,为冰霜涂层附加筹码+10效果,
CNT_Item,CNT_Fig_IceCrystal_NAME,얼음 수정,Ice Crystal,氷の結晶,冰晶,
CNT_Item,CNT_Fig_IceCrystal_DESC,[트리플] 완성 시 최대 체력 +3,+3 max HP on completing [Triple],[スリーカード]完成時、最大HP+3,完成【三条】时，最大体力+3,
CNT_Item,CNT_Fig_YetiClub_NAME,예티의 방망이,Yeti's Club,イエティの棍棒,雪怪之棒,
CNT_Item,CNT_Fig_YetiClub_DESC,[풀하우스] 완성 시 적에게 피해 70,Deals 70 damage to the enemy on completing [Full House],[フルハウス]完成時、敵に70ダメージ,完成【葫芦】时，对敌人造成70点伤害,
CNT_Item,CNT_Fig_FrozenHeart_NAME,얼어붙은 심장,Frozen Heart,凍った心臓,冰封之心,
CNT_Item,CNT_Fig_FrozenHeart_DESC,[전투당 1회] 체력이 1이 되는 치명상을 입으면 1턴간 무적,[Once per battle] Become invincible for 1 turn when a fatal blow would leave you at 1 HP,[戦闘ごとに1回]HPが1になる致命傷を受けると1ターンの間無敵になる,【每场战斗1次】受到会使体力变为1的致命伤时，获得1回合无敌,
CNT_Item,CNT_Fig_Ashes_NAME,잿가루,Ash Dust,灰の粉,灰烬,
CNT_Item,CNT_Fig_Ashes_DESC,[눈금 1] 3개 이상 결산 시 적 명중률 -25%,-25% enemy accuracy when 3 or more dice showing [1] are scored,[目1]が3個以上決算されると敵の命中率-25%,结算中出现3个以上[点数1]时，敌人命中率-25%,
CNT_Item,CNT_Fig_UndertakerScythe_NAME,장의사의 낫,Undertaker's Scythe,埋葬人の鎌,掘墓人的镰刀,
CNT_Item,CNT_Fig_UndertakerScythe_DESC,적 처치 시 처치한 적 최대 체력의 25%만큼 다음 적에게 피해 이월,"On defeating an enemy, carries over damage equal to 25% of its max HP to the next enemy",敵を撃破した時、撃破した敵の最大HPの25%分のダメージを次の敵に持ち越す,击败敌人时，将其最大体力25%的伤害转移给下一个敌人,
CNT_Item,CNT_Fig_Skull_NAME,두개골,Skull,頭蓋骨,骷髅,
CNT_Item,CNT_Fig_Skull_DESC,[눈금 6] 3개 이상 결산 시 골드 +40,+40 gold when 3 or more dice showing [6] are scored,[目6]が3個以上決算されるとゴールド+40,结算中出现3个以上[点数6]时，金币+40,
CNT_Item,CNT_Fig_SanunDice_NAME,사눈 다이스,Sanoon Dice,サヌンダイス,萨努骰子,
CNT_Item,CNT_Fig_SanunDice_DESC,주사위를 파괴할 때마다 영구 배수 +0.2,Permanently +0.2 multiplier every time a die is destroyed,サイコロを破壊するたびに永久倍率+0.2,每次摧毁骰子时，永久增加倍率+0.2,
CNT_Item,CNT_Fig_MustacheCrescent_NAME,콧수염 초승달,Mustache Crescent,口髭の三日月,胡子月牙,
CNT_Item,CNT_Fig_MustacheCrescent_DESC,"[원 페어] 완성 시 위성 진행도 +1 (누적 0/5, 달성 시 무작위 위성 1개 획득)","+1 Satellite progress on completing [One Pair] (0/5 stacks; upon reaching 5, gain 1 random Satellite)",[ワンペア]完成時、衛星進行度+1(累積0/5、達成時にランダムな衛星を1個獲得),完成【一对】时，卫星进度+1（累计0/5，达成时获得1个随机卫星）,
CNT_Item,CNT_Fig_SurpriseBox_NAME,깜짝 상자,Jack-in-the-Box,びっくり箱,惊喜盒,
CNT_Item,CNT_Fig_SurpriseBox_DESC,턴 시작 시 50% 확률로 적에게 피해 100 또는 자신에게 피해 10,"At the start of the turn, 50% chance to deal 100 damage to the enemy or take 10 damage yourself",ターン開始時、50%の確率で敵に100ダメージ、または自分が10ダメージを受ける,回合开始时，有50%概率对敌人造成100点伤害，或自身受到10点伤害,
CNT_Item,CNT_Fig_ClownTear_NAME,광대의 눈물,Clown's Tear,道化師の涙,小丑之泪,
CNT_Item,CNT_Fig_ClownTear_DESC,피격 시 이번 전투 동안 족보 배수 +1 누적,"When hit, permanently stacks +1 hand multiplier for the rest of this battle",被弾時、この戦闘中は役の倍率+1が累積する,受到攻击时，本场战斗中牌型倍率累计+1,
CNT_Item,CNT_Fig_TamerHat_NAME,조련사의 모자,Tamer's Hat,調教師の帽子,驯兽师之帽,
CNT_Item,CNT_Fig_TamerHat_DESC,[스트레이트] 완성 시 적의 스킬 무효화,Nullifies the enemy's skill on completing [Straight],[ストレート]完成時、敵のスキルを無効化,完成【顺子】时，使敌人技能失效,
CNT_Item,CNT_Fig_SpadeKing_NAME,스페이드 킹,King of Spades,スペードのキング,黑桃国王,
CNT_Item,CNT_Fig_SpadeKing_DESC,"[포카드] 완성 시 티켓 진행도 +1 (누적 0/4, 달성 시 티켓 1개 획득)","+1 Ticket progress on completing [Four of a Kind] (0/4 stacks; upon reaching 4, gain 1 Ticket)",[フォーカード]完成時、チケット進行度+1(累積0/4、達成時にチケットを1枚獲得),完成【四条】时，门票进度+1（累计0/4，达成时获得1张门票）,
CNT_Item,CNT_Fig_CursedSarcophagus_NAME,저주받은 석관,Cursed Sarcophagus,呪われた石棺,诅咒石棺,
CNT_Item,CNT_Fig_CursedSarcophagus_DESC,"[야추] 완성 시 적에게 피해 40, 6% 확률로 차원문이 열려 피해 626 추가 (총 666)","Deals 40 damage to the enemy on completing [Yacht]; 6% chance a dimensional rift opens, adding 626 damage (666 total)",[ヤッツィー]完成時、敵に40ダメージ、6%の確率で次元の門が開き626ダメージを追加(合計666),完成【快艇】时，对敌人造成40点伤害；有6%概率开启次元之门，追加626点伤害（共计666）,
CNT_Item,CNT_Fig_CatFluffyPaw_NAME,냥이 솜털 손,Kitty Paw Fluff,ニャンコの肉球,猫咪软爪,
CNT_Item,CNT_Fig_CatFluffyPaw_DESC,스낵 사용 시 회복/스탯 효과 2배 증폭,Doubles healing/stat effects when a Snack is used,スナック使用時、回復/ステータス効果が2倍に増幅,使用零食时，回复/属性效果翻倍,
CNT_Item,CNT_Fig_GroomingComb_NAME,그루밍 빗,Grooming Comb,グルーミングブラシ,梳毛刷,
CNT_Item,CNT_Fig_GroomingComb_DESC,스낵 사용 시 이번 턴 리롤 기회 +1,+1 reroll this turn when a Snack is used,スナック使用時、このターンのリロール回数+1,使用零食时，本回合重投次数+1,
CNT_Item,CNT_Fig_CatEye_NAME,고양이 눈,Cat's Eye,猫の目,猫眼,
CNT_Item,CNT_Fig_CatEye_DESC,상점 아이템 리롤 비용 영구 50% 할인,Permanently -50% shop item reroll cost,店アイテムのリロール費用を永久50%割引,商店道具重投费用永久减少50%,
CNT_Item,CNT_Fig_GoldBell_NAME,황금 종,Golden Bell,黄金の鈴,黄金铃,
CNT_Item,CNT_Fig_GoldBell_DESC,스테이지 클리어 보상 골드 +100 상시 지급,Always grants +100 gold on stage-clear rewards,ステージクリア報酬に常時ゴールド+100を付与,通关关卡奖励恒定增加100金币,
CNT_Item,CNT_Fig_SilverBell_NAME,은색 종,Silver Bell,銀の鈴,银铃,
CNT_Item,CNT_Fig_SilverBell_DESC,스테이지 클리어 보상 골드 +50 상시 지급,Always grants +50 gold on stage-clear rewards,ステージクリア報酬に常時ゴールド+50を付与,通关关卡奖励恒定增加50金币,
CNT_Item,CNT_Fig_GoldFurball_NAME,황금 털뭉치,Golden Fur Ball,黄金の毛玉,黄金毛球,
CNT_Item,CNT_Fig_GoldFurball_DESC,[풀하우스] 완성 시 배수 +2.0 (붉은 털뭉치 보유 시 배수 +1.0 추가),+2.0 multiplier on completing [Full House] (an additional +1.0 if you own Red Fur Ball),[フルハウス]完成時、倍率+2.0(赤い毛玉を所持していれば倍率+1.0を追加),完成【葫芦】时，倍率+2.0（若持有红色毛球，额外增加倍率+1.0）,
CNT_Item,CNT_Fig_RedFurball_NAME,붉은 털뭉치,Red Fur Ball,赤い毛玉,红色毛球,
CNT_Item,CNT_Fig_RedFurball_DESC,[풀하우스] 완성 시 칩수 +30 (황금 털뭉치 보유 시 칩수 +30 추가),+30 Chips on completing [Full House] (an additional +30 if you own Golden Fur Ball),[フルハウス]完成時、チップ+30(黄金の毛玉を所持していればチップ+30を追加),完成【葫芦】时，筹码+30（若持有黄金毛球，额外增加筹码+30）,
CNT_Item,CNT_Fig_LuckyCat_NAME,복고양이,Lucky Cat,福猫,招财猫,
CNT_Item,CNT_Fig_LuckyCat_DESC,상점 입장 시 무작위 아이템 1개의 구매 비용이 0골드가 됨,"Upon entering the shop, 1 random item's purchase cost becomes 0 gold",店に入る時、ランダムなアイテム1個の購入費用が0ゴールドになる,进入商店时，随机1个道具的购买费用变为0金币,
CNT_Item,CNT_Fig_BlackFin_NAME,검은 지느러미,Black Fin,黒いヒレ,黑鳍,
CNT_Item,CNT_Fig_BlackFin_DESC,[투 페어] 완성 시 다음 턴 적의 공격력을 1로 고정 (전투당 1회),"On completing [Two Pair], fixes the enemy's attack power to 1 next turn (once per battle)",[ツーペア]完成時、次のターンの敵の攻撃力を1に固定(戦闘ごとに1回),完成【两对】时，将敌人下一回合的攻击力固定为1（每场战斗1次）,
CNT_Item,CNT_Fig_HarpyDice_NAME,하피 다이스,Harpy Dice,ハーピーダイス,鸟身女妖骰子,
CNT_Item,CNT_Fig_HarpyDice_DESC,전투 시작 시 굴린 주사위 눈 합만큼 골드 획득,"At the start of battle, gain gold equal to the total of the rolled dice's pip values",戦闘開始時、振ったサイコロの目の合計と同じ量のゴールドを獲得,战斗开始时，获得等同于所掷骰子点数总和的金币,
CNT_Item,CNT_Fig_DodoHat_NAME,도도새 모자,Dodo Hat,ドードーの帽子,多多鸟帽,
CNT_Item,CNT_Fig_DodoHat_DESC,"최대 체력 +60, 체력 회복량 30% 증가",Max HP +60; healing received increased by 30%,最大HP+60。HP回復量30%増加,最大体力+60；体力恢复量增加30%,
CNT_Item,CNT_Fig_GoldClaw_NAME,황금 발톱,Golden Claw,黄金の爪,黄金爪,
CNT_Item,CNT_Fig_GoldClaw_DESC,[포카드] 완성 시 덱 내 디버프 주사위 전부 파괴,Destroys all debuffed dice in your deck on completing [Four of a Kind],[フォーカード]完成時、デッキ内のデバフ付きサイコロを全て破壊,完成【四条】时，摧毁牌组中所有带减益的骰子,
CNT_Item,CNT_Fig_WindGodDrum_NAME,풍신의 북,Wind God's Drum,風神の太鼓,风神之鼓,
CNT_Item,CNT_Fig_WindGodDrum_DESC,[야추] 완성 시 공격 1회 추가 발동,Triggers 1 extra attack on completing [Yacht],[ヤッツィー]完成時、攻撃を1回追加発動,完成【快艇】时，额外触发1次攻击,
CNT_Item,CNT_Fig_TeddyBear_NAME,곰인형,Teddy Bear,クマのぬいぐるみ,泰迪熊,
CNT_Item,CNT_Fig_TeddyBear_DESC,디버프가 부여된 주사위의 칩수가 100으로 고정됨,Chip count of any debuffed die is fixed at 100,デバフが付与されたサイコロのチップ数が100に固定される,带有减益效果的骰子筹码固定为100,
CNT_Item,CNT_Fig_Kite_NAME,연,Kite,凧,风筝,
CNT_Item,CNT_Fig_Kite_DESC,전투 시작 시 리롤 기회 +2,+2 rerolls at the start of battle,戦闘開始時、リロール回数+2,战斗开始时，重投次数+2,
CNT_Item,CNT_Fig_KnightShield_NAME,기사의 방패,Knight's Shield,騎士の盾,骑士之盾,
CNT_Item,CNT_Fig_KnightShield_DESC,피격 시 받는 피해 2 감소,Reduces damage taken by 2 when hit,被弾時のダメージ-2,受到攻击时伤害减少2点,
CNT_Item,CNT_Fig_Furnace_NAME,용광로,Furnace,溶鉱炉,熔炉,
CNT_Item,CNT_Fig_Furnace_DESC,적에게 가하는 화상 피해 50% 증가,Increases Burn damage dealt to enemies by 50%,敵に与える火傷ダメージが50%増加,对敌人造成的灼烧伤害增加50%,
CNT_Item,CNT_Fig_FoxWallet_NAME,여우 지갑,Fox Wallet,狐の財布,狐狸钱包,
CNT_Item,CNT_Fig_FoxWallet_DESC,아이템을 구매할 때마다 영구 칩수 +1 증가 (누적),Permanently +1 Chips every time you purchase an item (stacking),アイテムを購入するたびに永久チップ+1増加(累積),每次购买道具时，永久增加1点筹码（可叠加）,
CNT_Item,CNT_Fig_SpiderLily_NAME,피안화,Spider Lily,彼岸花,彼岸花,
CNT_Item,CNT_Fig_SpiderLily_DESC,최대 체력이 영구적으로 증가할 때마다 영구 칩수 +1 증가 (누적),Permanently +1 Chips every time your max HP permanently increases (stacking),最大HPが永久に増加するたびに永久チップ+1増加(累積),每次最大体力永久增加时，永久增加1点筹码（可叠加）,
CNT_Item,CNT_Fig_DragonBomb_NAME,마룡의 폭탄,Dragon's Bomb,魔竜の爆弾,魔龙炸弹,
CNT_Item,CNT_Fig_DragonBomb_DESC,적에게 가하는 폭발 피해 50% 증가,Increases explosive damage dealt to enemies by 50%,敵に与える爆発ダメージが50%増加,对敌人造成的爆炸伤害增加50%,
CNT_Item,CNT_Stamp_Heart_NAME,하트,Heart,ハート,红心,
CNT_Item,CNT_Stamp_Heart_DESC,킵하면 이번 피격 -4,"While kept, reduces the next hit taken by 4",キープ中、次に受けるダメージ-4,保留期间，下一次受到的伤害-4,
CNT_Item,CNT_Stamp_Clover_NAME,클로버,Clover,クローバー,梅花,
CNT_Item,CNT_Stamp_Clover_DESC,이 주사위 리롤 시 30%로 횟수 유지,30% chance to not consume a reroll charge when rerolling this die,このサイコロをリロールする時、30%の確率でリロール回数を消費しない,重投这颗骰子时，有30%概率不消耗重投次数,
CNT_Item,CNT_Stamp_Diamond_NAME,다이아,Diamond,ダイヤ,方块,
CNT_Item,CNT_Stamp_Diamond_DESC,킵 결산 시 눈금×5 골드,"On Keep settlement, gain gold equal to this die's pip value ×5",キープ決算時、このサイコロの目×5のゴールドを獲得,结算保留时，获得等同于该骰子点数×5的金币,
CNT_Item,CNT_Stamp_Spade_NAME,스페이드,Spade,スペード,黑桃,
CNT_Item,CNT_Stamp_Spade_DESC,"족보에 쓰이면 칩 +20, 아니면 눈금만큼 추가 피해","If used in the scored hand, +20 Chips; otherwise, deals bonus damage equal to this die's pip value",役に使用されればチップ+20、使用されなければこのサイコロの目の分だけ追加ダメージ,若在结算牌型中使用，则筹码+20；否则造成等同于该骰子点数的额外伤害,
CNT_Item,CNT_Item_SatellitePack_NAME,인공위성 상자,Satellite Box,人工衛星の箱,人造卫星箱,
CNT_Item,CNT_Item_SatellitePack_DESC,무작위 위성 2개 중 1개를 주사위에 장착,Equip 1 of 2 random Satellites onto a die,ランダムな衛星2個の中から1個をサイコロに装着する,从2个随机卫星中选择1个装到骰子上,
CNT_Item,CNT_Item_StampPack_NAME,스탬프 도장,Stamp Kit,スタンプ,印章套装,
CNT_Item,CNT_Item_StampPack_DESC,무작위 문양 2개 중 1개를 주사위에 찍음,Stamp 1 of 2 random designs onto a die,ランダムな文様2個の中から1個をサイコロに押す,从2个随机图案中选择1个印在骰子上,
CNT_Item,CNT_SYN_DRAGONIC_KIN_NAME,역린을 건들다,Touch the Raw Nerve,逆鱗に触れる,触碰逆鳞,
CNT_Item,CNT_SYN_DRAGONIC_KIN_DESC,아룡의 흔적들이 모이면 잠들어 있던 것이 깨어난다. [야추] 완성 시 배수 영구 +0.2,"When the drakes' traces gather, something dormant awakens. Permanently +0.2 multiplier on completing [Yacht]",亜竜の痕跡が集まると、眠っていたものが目覚める。[ヤッツィー]完成時に倍率永久+0.2,亚龙的痕迹汇聚之时，沉睡之物将苏醒。完成【快艇】时永久增加0.2倍率,
CNT_Item,CNT_SYN_PLUSH_SERIES_NAME,꼭두각시,Puppet,傀儡,傀儡,
CNT_Item,CNT_SYN_PLUSH_SERIES_DESC,실과 바늘로 빚어낸 여섯 개의 인형이 스스로 움직이기 시작한다. 최대 체력 영구 +12,Six dolls shaped from thread and needle begin to move on their own. Permanently +12 max HP,糸と針で作られた6つの人形が自ら動き始める。最大HP永久+12,六个由针线缝制的人偶开始自行活动。永久增加12点最大体力,
CNT_Item,CNT_SYN_STRAY_CATS_NAME,고양이 왕국,Cat Kingdom,猫の王国,猫咪王国,
CNT_Item,CNT_SYN_STRAY_CATS_DESC,골목을 지배하는 건 사람이 아니라 고양이들이라는 걸 아는 자들의 특혜. 상점 리롤 기본 비용 영구 -5G,"A privilege for those who know it's cats, not people, who truly rule the alleys. Permanently -5G base shop reroll cost",路地を支配するのは人間ではなく猫だと知る者たちの特権。店のリロール基本費用永久-5G,深知统治巷弄的不是人类而是猫咪的人所享有的特权。永久减少商店基础重投费用5金币,
CNT_Item,CNT_SYN_FLUFF_FRIENDS_NAME,복슬복슬,Fluffy Bunch,ふわふわ,毛茸茸,
CNT_Item,CNT_SYN_FLUFF_FRIENDS_DESC,복슬복슬하기로는 뒤지지 않는 친구들. 최대 체력 영구 +4,Friends who won't lose when it comes to fluffiness. Permanently +4 max HP,ふわふわさで負けない仲間たち。最大HP永久+4,论毛茸茸程度绝不逊色的伙伴们。永久增加4点最大体力,
CNT_Item,CNT_SYN_SEA_DICE_NAME,심해 속 주사위,Dice of the Deep Sea,深海のサイコロ,深海骰子,
CNT_Item,CNT_SYN_SEA_DICE_DESC,깊은 바다 밑에서 건져 올린 사냥꾼들의 형상. [포카드] 완성 시 배수 영구 +0.1,Shapes of hunters hauled up from the deep sea floor. Permanently +0.1 multiplier on completing [Four of a Kind],深海の底から引き上げられた狩人たちの姿。[フォーカード]完成時に倍率永久+0.1,从深海海底捞起的猎手之形。完成【四条】时永久增加0.1倍率,
CNT_Item,CNT_SYN_WEIRD_DICE_NAME,괴이한 눈금,Bizarre Pips,奇怪な目,怪异点数,
CNT_Item,CNT_SYN_WEIRD_DICE_DESC,어딘가 기이하게 생긴 주사위들이 굴러갈 때마다 이상한 일이 벌어진다. 페퍼민트를 보유한 채로 시작,Something strange happens every time these oddly-shaped dice roll. Start with a Peppermint in hand,どこか奇妙な形をしたサイコロが転がるたびに、不思議なことが起こる。ペパーミントを所持した状態で開始,每当这些形状怪异的骰子滚动，就会发生诡异的事。开局携带薄荷糖,
CNT_Item,CNT_SYN_FROST_RELICS_NAME,냉혹의 결정체,Crystal of Frost,冷酷の結晶,冷酷结晶,
CNT_Item,CNT_SYN_FROST_RELICS_DESC,하얗게 얼어붙은 것들이 한자리에 모이면 냉기마저 무뎌진다. 화상 피해 감소 3,"When frost-white things gather together, even the cold grows dull. Burn damage taken reduced by 3",白く凍りついたものが一堂に集まると、冷気さえも鈍る。火傷ダメージ-3,洁白冰封之物聚集一处时，连寒气也会变得迟钝。灼烧伤害减少3点,
CNT_Item,CNT_SYN_BONE_COLLECTORS_NAME,시체 수집가,Corpse Collector,死体収集家,尸骸收藏家,
CNT_Item,CNT_SYN_BONE_COLLECTORS_DESC,죽음의 잔재를 수집하는 유별난 취미를 가진 자들. 전투 승리 시 추가 골드 획득 확률 영구 +2%,Those with the peculiar hobby of collecting the remnants of death. Permanently +2% chance for bonus gold on battle victory,死の残骸を収集する変わった趣味を持つ者たち。戦闘勝利時に追加ゴールド獲得確率永久+2%,拥有收集死亡遗骸这一怪异爱好的人们。战斗胜利时获得额外金币的概率永久增加2%,
CNT_Item,CNT_SYN_LAVA_RELICS_NAME,이글거리는 유산,Blazing Legacy,燃え立つ遺産,灼热遗产,
CNT_Item,CNT_SYN_LAVA_RELICS_DESC,불타는 것들만 모아온 컬렉션에서는 늘 탄내가 난다. 화상 부여량 영구 +2,A collection of nothing but burning things always smells of smoke. Permanently +2 burn applied,燃えるものだけを集めたコレクションはいつも焦げ臭い。火傷付与量永久+2,只收集燃烧之物的收藏，总是散发着焦味。永久增加2点灼烧附加量,
CNT_Item,CNT_SYN_SAND_SONG_NAME,헤루툼의 노래,Song of Herutum,ヘルトゥムの歌,赫鲁图姆之歌,
CNT_Item,CNT_SYN_SAND_SONG_DESC,사막왕국 헤루툼의 백성들이 모래바람 속에서 대대로 이어 불러온 노래. 상점 리롤 기본 비용 영구 -5G,A song the people of the desert kingdom Herutum have sung through generations amid the sandstorms. Permanently -5G base shop reroll cost,砂漠王国ヘルトゥムの民が砂嵐の中で代々歌い継いできた歌。店のリロール基本費用永久-5G,沙漠王国赫鲁图姆的子民在沙尘中世代传唱的歌谣。永久减少商店基础重投费用5金币,
CNT_Item,CNT_SYN_CROWN_HAT_NAME,모자장수,The Hatter's Display,帽子屋,帽子商人,
CNT_Item,CNT_SYN_CROWN_HAT_DESC,머리에 쓰는 것 하나로 자존심을 세우는 모자장수의 진열장. 시작 골드 +100,"The hatter's display case, where pride rests on a single thing worn on the head. Start with +100 gold",頭に被る一つのもので自尊心を保つ帽子屋の陳列棚。開始ゴールド+100,靠一件头戴之物撑起自尊的帽商陈列柜。开局金币+100,
CNT_Item,CNT_SYN_HELMET_COLLECTION_NAME,안전제일,Safety First,安全第一,安全第一,
CNT_Item,CNT_SYN_HELMET_COLLECTION_DESC,모자보다 든든한 머리 보호구만 고집하는 삼형제의 신조. 피격 시 받는 피해 1 감소,The creed of three brothers who insist on head protection sturdier than any hat. Damage taken reduced by 1 when hit,帽子より頼れる頭部防具だけにこだわる三兄弟の信条。被弾時のダメージ-1,三兄弟只信赖比帽子更坚固的头部护具的信条。受到攻击时伤害减少1点,
CNT_Item,CNT_SYN_MASQUERADE_NAME,가면무도회,Masquerade Ball,仮面舞踏会,假面舞会,
CNT_Item,CNT_SYN_MASQUERADE_DESC,얼굴을 가리거나 꾸민 손님들이 모여드는 은밀한 파티. [원 페어] 완성 시 배수 영구 +0.3,A secret party where guests gather with covered or decorated faces. Permanently +0.3 multiplier on completing [One Pair],顔を隠したり装った客たちが集まる密かなパーティー。[ワンペア]完成時に倍率永久+0.3,遮面或装扮的客人齐聚一堂的秘密派对。完成【一对】时永久增加0.3倍率,
CNT_Item,CNT_SYN_GOLDEN_LEGACY_NAME,황금빛 유산,Golden Legacy,黄金の遺産,黄金遗产,
CNT_Item,CNT_SYN_GOLDEN_LEGACY_DESC,반짝이는 것에 이끌린 자들이 대를 이어 물려준 수집품. 시작 골드 영구 +100,A collection handed down through generations by those drawn to anything that shines. Permanently +100 starting gold,輝くものに惹かれた者たちが代々受け継いできた収集品。開始ゴールド永久+100,被闪耀之物吸引之人代代相传的收藏品。永久增加100点开局金币,
CNT_Item,CNT_SYN_SHIELD_BROTHERS_NAME,가디안즈,The Guardians,ガーディアンズ,守护者军团,
CNT_Item,CNT_SYN_SHIELD_BROTHERS_DESC,변경을 지키는 정예 부대 가디안즈가 대대로 즐겨 쓰던 방어구들. 피격 시 받는 피해 1 감소,"Armor favored for generations by the Guardians, the elite corps that defends the frontier. Damage taken reduced by 1 when hit",辺境を守る精鋭部隊ガーディアンズが代々愛用してきた防具。被弾時のダメージ-1,守卫边境的精锐部队「守护者军团」代代偏爱的护具。受到攻击时伤害减少1点,
CNT_Item,CNT_SYN_SEA_CHILDREN_NAME,페이기가스의 시종,Servants of Feigigas,フェイギガスの侍従,菲吉加斯的侍从,
CNT_Item,CNT_SYN_SEA_CHILDREN_DESC,갑룡왕 페이기가스를 따르던 바다의 시종들이 파도에 남기고 간 흔적. 최대 체력 영구 +6,"Traces left in the waves by the sea servants who followed Feigigas, the Armored Dragon King. Permanently +6 max HP",甲竜王フェイギガスに従っていた海の侍従たちが波に残していった痕跡。最大HP永久+6,追随甲龙王菲吉加斯的海洋侍从们留在浪涛中的痕迹。永久增加6点最大体力,
CNT_Item,CNT_SYN_SKYBORNE_NAME,스카이 워커,Sky Walker,スカイウォーカー,天空行者,
CNT_Item,CNT_SYN_SKYBORNE_DESC,"날개가 있거나, 그저 날고 싶어했던 것들이 하늘 위를 떠돈다. [스트레이트] 완성 시 배수 영구 +0.3","Things with wings, or things that simply longed to fly, drift through the sky. Permanently +0.3 multiplier on completing [Straight]",翼を持つもの、あるいは単に飛びたかったものが空を漂う。[ストレート]完成時に倍率永久+0.3,拥有翅膀、或仅仅渴望飞翔之物在天空中飘荡。完成【顺子】时永久增加0.3倍率,
CNT_Item,CNT_SYN_RESONANCE_TRIO_NAME,오케스트라,Orchestra,オーケストラ,管弦乐团,
CNT_Item,CNT_SYN_RESONANCE_TRIO_DESC,소리로 존재감을 알리는 것들이 모이면 저절로 합주가 된다. [풀하우스] 완성 시 배수 영구 +0.2,"When things that announce their presence through sound gather, an ensemble forms naturally. Permanently +0.2 multiplier on completing [Full House]",音で存在を知らせるものが集まれば、自然と合奏になる。[フルハウス]完成時に倍率永久+0.2,以声音宣告存在之物聚集时，自然而然合奏成曲。完成【葫芦】时永久增加0.2倍率,
CNT_Item,CNT_SYN_TEMPLE_RELICS_NAME,오래된 렐릭,Ancient Relics,古びたレリック,古老遗物,
CNT_Item,CNT_SYN_TEMPLE_RELICS_DESC,사원에서 건너온 경건한 유물들이 조용히 힘을 나눠준다. 상점 리롤 기본 비용 영구 -5G,Reverent relics carried from the temple quietly lend their power. Permanently -5G base shop reroll cost,寺院から持ち込まれた敬虔な遺物が静かに力を分け与えてくれる。店のリロール基本費用永久-5G,从寺院带出的虔诚遗物静静分予力量。永久减少商店基础重投费用5金币,
CNT_Item,CNT_SYN_PHARAOH_CURSE_NAME,파라오의 저주,Pharaoh's Curse,ファラオの呪い,法老的诅咒,
CNT_Item,CNT_SYN_PHARAOH_CURSE_DESC,무덤을 함부로 건드린 자에게는 반드시 대가가 따른다. 전투 승리 시 추가 골드 획득 확률 영구 +2%,Whoever disturbs the tomb carelessly will surely pay the price. Permanently +2% chance for bonus gold on battle victory,墓を不用意に触れた者には必ず代償が伴う。戦闘勝利時に追加ゴールド獲得確率永久+2%,随意触碰陵墓之人必将付出代价。战斗胜利时获得额外金币的概率永久增加2%,
CNT_Item,CNT_SYN_CIRCUS_PROPS_NAME,쇼는 시작되었다,The Show Has Begun,ショーは始まった,表演已经开始,
CNT_Item,CNT_SYN_CIRCUS_PROPS_DESC,천막 안에서 금방이라도 튀어나올 것 같은 소품들의 개막. [원 페어] 완성 시 배수 영구 +0.1,An opening act of props that seem ready to burst out of the tent at any moment. Permanently +0.1 multiplier on completing [One Pair],テントの中から今にも飛び出してきそうな道具たちの開幕。[ワンペア]完成時に倍率永久+0.1,帐篷内仿佛随时会跳出的道具们的开幕表演。完成【一对】时永久增加0.1倍率,
CNT_Item,CNT_SYN_STONE_KIN_NAME,룬의 아이들,Children of the Rune,ルーンの子ら,符文之子,
CNT_Item,CNT_SYN_STONE_KIN_DESC,단단한 돌과 그 위에 새겨진 고대 룬의 힘을 물려받은 것들의 결속. 피격 시 받는 피해 1 감소,A bond among things that inherited the power of hard stone and the ancient rune carved upon it. Damage taken reduced by 1 when hit,硬い石とその上に刻まれた古代のルーンの力を受け継いだものたちの結束。被弾時のダメージ-1,承袭坚石与其上古代符文力量之物的联结。受到攻击时伤害减少1点,
CNT_Item,CNT_SYN_CANDLELIGHT_RITE_NAME,부두교 의식,Voodoo Ritual,ブードゥーの儀式,巫毒仪式,
CNT_Item,CNT_SYN_CANDLELIGHT_RITE_DESC,어둠 속에서 향과 촛불로 영혼을 불러내는 은밀한 의식. 시작시 보유한 주사위 중 하나가 다크 코팅 된다.,"A secret ritual that summons spirits with incense and candlelight in the dark. At the start, one of your dice is given a Dark Coating",闇の中で香と蝋燭で霊を呼び出す密かな儀式。開始時に所持サイコロの一つがダークコーティングされる,在黑暗中以香烟与蜡烛召唤灵魂的秘密仪式。开局时持有的骰子中会有一个被涂上黑暗涂层,
CNT_Item,CNT_SYN_MUSHROOM_KINGDOM_NAME,버섯 수프,Mushroom Soup,キノコスープ,蘑菇汤,
CNT_Item,CNT_SYN_MUSHROOM_KINGDOM_DESC,"숲, 정글, 늪지에 흩어져 자라난 버섯 삼형제가 한 냄비에 모였다. 최대 체력 영구 +5","Three mushroom brothers, scattered across forest, jungle, and swamp, gathered into one pot. Permanently +5 max HP",森、ジャングル、沼地に散らばって育った三兄弟のキノコが一つの鍋に集まった。最大HP永久+5,分散生长于森林、丛林、沼泽的三兄弟蘑菇齐聚一锅。永久增加5点最大体力,
CNT_Item,CNT_SYN_GREENHOUSE_FRIENDS_NAME,네이처 유니온,Nature Union,ネイチャーユニオン,自然联盟,
CNT_Item,CNT_SYN_GREENHOUSE_FRIENDS_DESC,식물을 닮은 것들이 뿌리를 내리고 하나의 정원을 이룬다. 가니쉬를 보유한 채로 시작,Things resembling plants take root and form a single garden. Start with a Garnish in hand,植物に似たものが根を張り、一つの庭園を作る。ガーニッシュを所持した状態で開始,形似植物之物扎根生长，汇成一座花园。开局携带装饰品,
CNT_Item,CNT_SYN_PHOENIX_BROTHERHOOD_NAME,RE:VIVE,RE:VIVE,RE:VIVE,RE:VIVE,
CNT_Item,CNT_SYN_PHOENIX_BROTHERHOOD_DESC,죽음을 몇 번이고 우습게 넘긴 자들의 결의. 최대 체력 영구 +10,The resolve of those who have laughed off death time and again. Permanently +10 max HP,死を何度も笑って乗り越えてきた者たちの決意。最大HP永久+10,屡次笑对死亡之人的决心。永久增加10点最大体力,
CNT_Item,CNT_SYN_BEYOND_DEATH_NAME,라그나로크,Ragnarok,ラグナロク,诸神黄昏,
CNT_Item,CNT_SYN_BEYOND_DEATH_DESC,세상이 끝나는 순간에도 물러서지 않는 최후의 전사들. 최대 체력 영구 +8,The last warriors who won't retreat even as the world ends. Permanently +8 max HP,世界が終わる瞬間にも退かない最後の戦士たち。最大HP永久+8,即使世界终结之际也绝不退却的最后战士们。永久增加8点最大体力,
CNT_Item,CNT_SYN_ANCIENT_REMNANTS_NAME,고대의 잔재,Ancient Remnants,古代の残骸,古代残迹,
CNT_Item,CNT_SYN_ANCIENT_REMNANTS_DESC,아주 오래전 누군가 남기고 간 것들이 다시 빛을 본다. [스트레이트] 완성 시 배수 영구 +0.3,Things left behind by someone long ago see the light once more. Permanently +0.3 multiplier on completing [Straight],はるか昔に誰かが残していったものが再び光を見る。[ストレート]完成時に倍率永久+0.3,很久以前有人留下之物再次重见光明。完成【顺子】时永久增加0.3倍率,
CNT_Item,CNT_SYN_EYE_CONTACT_NAME,지켜보는 자,The Watchers,見張る者たち,监视者,
CNT_Item,CNT_SYN_EYE_CONTACT_DESC,어디선가 이쪽을 가만히 지켜보고 있는 눈들이 있다. 전투 승리 시 추가 골드 획득 확률 영구 +2%,"Somewhere, eyes are quietly watching this way. Permanently +2% chance for bonus gold on battle victory",どこかからこちらを静かに見つめている目がある。戦闘勝利時に追加ゴールド獲得確率永久+2%,某处有双眼睛静静注视着这边。战斗胜利时获得额外金币的概率永久增加2%,
CNT_Item,CNT_SYN_HERO_ARMORY_NAME,용사의 무기고,Hero's Armory,勇者の武器庫,勇者军械库,
CNT_Item,CNT_SYN_HERO_ARMORY_DESC,손에 쥐는 순간 평범한 이도 전사로 만들어주는 무기들. 영구 주사위 칩수 +2,Weapons that turn even an ordinary person into a warrior the moment they're held. Permanently +2 dice chip value,手に取った瞬間、平凡な者すら戦士にしてしまう武器たち。永久サイコロチップ数+2,一旦握入手中，就能让凡人变为战士的武器。永久增加2点骰子筹码数,
CNT_Item,CNT_SYN_LUCKY_TRINKETS_NAME,행운의 잡동사니,Lucky Trinkets,幸運のガラクタ,幸运杂物,
CNT_Item,CNT_SYN_LUCKY_TRINKETS_DESC,주머니 속에 하나쯤 넣어두고 싶어지는 자잘한 행운들. 상점 아이템 구매 비용 영구 -5%,Small pieces of luck you'll want to keep at least one of in your pocket. Permanently -5% shop item purchase cost,一つくらいポケットに入れておきたくなる、些細な幸運たち。店アイテム購入費用永久-5%,让人想在口袋里放上一个的琐碎幸运物。永久减少商店道具购买费用5%,
CNT_Item,CNT_SYN_WIZARD_DRAWER_NAME,마법사의 서랍,Wizard's Drawer,魔法師の引き出し,魔法师的抽屉,
CNT_Item,CNT_SYN_WIZARD_DRAWER_DESC,서랍 속에 넣어둔 것들이 밤마다 은은히 빛나는 걸 눈치챈 사람은 많지 않다. [스트레이트] 완성 시 배수 영구 +0.1,Not many notice that the things kept in this drawer glow faintly every night. Permanently +0.1 multiplier on completing [Straight],引き出しにしまったものが夜ごとほのかに光ることに気づく者は多くない。[ストレート]完成時に倍率永久+0.1,很少有人注意到，放在抽屉里的东西每晚都会微微发光。完成【顺子】时永久增加0.1倍率,
CNT_Item,CNT_SYN_ACCESSORY_SHOP_NAME,장신구 상점,Accessory Shop,装身具の店,饰品商店,
CNT_Item,CNT_SYN_ACCESSORY_SHOP_DESC,몸에 걸치는 장신구들이 나란히 진열된 작은 쇼윈도. 상점 아이템 구매 비용 영구 -5%,A small shop window lined with accessories meant to be worn on the body. Permanently -5% shop item purchase cost,身に着ける装身具が並んだ小さなショーウィンドウ。店アイテム購入費用永久-5%,陈列着随身佩戴饰品的小小橱窗。永久减少商店道具购买费用5%,
CNT_Item,CNT_SYN_BEAST_TRACE_NAME,우두머리 흔적,Trace of the Alpha,頭目の痕跡,首领的痕迹,
CNT_Item,CNT_SYN_BEAST_TRACE_DESC,짐승의 몸에서 떨어져 나온 것들에는 여전히 힘이 남아 있다. 스테이크를 보유한 채로 시작,Things fallen from a beast's body still carry a lingering strength. Start with a Steak in hand,獣の体から離れ落ちたものにはまだ力が残っている。ステーキを所持した状態で開始,从猛兽身上脱落之物仍残留着力量。开局携带牛排,
CNT_Item,CNT_SYN_CURSED_HEIRLOOMS_NAME,저주받은 유품,Cursed Heirlooms,呪われた遺品,诅咒遗物,
CNT_Item,CNT_SYN_CURSED_HEIRLOOMS_DESC,함부로 손대면 안 될 것 같은 유품들이 주인을 기다린다. [야추] 완성 시 배수 영구 +0.2,Heirlooms that feel dangerous to touch carelessly wait for their owner. Permanently +0.2 multiplier on completing [Yacht],不用意に触れてはいけない気がする遺品が、主を待っている。[ヤッツィー]完成時に倍率永久+0.2,令人不敢随意触碰的遗物，正等待着它的主人。完成【快艇】时永久增加0.2倍率,
CNT_Item,CNT_SYN_GAMBLERS_TABLE_NAME,도박꾼의 테이블,Gambler's Table,ギャンブラーのテーブル,赌徒之桌,
CNT_Item,CNT_SYN_GAMBLERS_TABLE_DESC,운을 시험하는 자들의 테이블 위에는 늘 행운의 부적 하나쯤 놓여 있다. 전투 승리 시 추가 골드 획득 확률 영구 +2%,"On the tables of those who test their luck, there's always at least one lucky charm lying around. Permanently +2% chance for bonus gold on battle victory",運を試す者たちのテーブルには、いつも幸運のお守りが一つくらい置かれている。戦闘勝利時に追加ゴールド獲得確率永久+2%,试运之人的桌上，总会摆着一枚幸运符。战斗胜利时获得额外金币的概率永久增加2%,
CNT_Item,CNT_SYN_SMALL_CREATURES_NAME,작은 것들의 왕,King of Small Things,小さきものたちの王,小物之王,
CNT_Item,CNT_SYN_SMALL_CREATURES_DESC,눈에 잘 띄지 않지만 존재감만은 확실한 작은 것들의 지배자. 체리를 보유한 채로 시작,"The ruler of small things — easy to miss, yet undeniably present. Start with a Cherry in hand",目立たないが存在感だけは確かな小さきものたちの支配者。チェリーを所持した状態で開始,不起眼却存在感十足的渺小之物的统治者。开局携带樱桃,
CNT_Item,CNT_SYN_MIDAS_TOUCH_NAME,모스틱스의 손길,Touch of Mostix,モスティクスの手,莫斯提克斯之触,
CNT_Item,CNT_SYN_MIDAS_TOUCH_DESC,'황금의 사도' 모스틱스가 스쳐간 자리엔 반드시 금빛이 남는다는 전설. 시작 골드 영구 +100G,"Legend says that wherever Mostix, the 'Golden Apostle,' has passed, a golden gleam is always left behind. Permanently +100G starting gold",「黄金の使徒」モスティクスが過ぎた場所には必ず金色の輝きが残るという伝説。開始ゴールド永久+100G,传说「黄金使徒」莫斯提克斯经过之处，必留下金色光辉。永久增加100金币开局金币,
CNT_Item,CNT_CHAR_PAWN_NAME,폰 바르한,Pawn Barhan,ポーン・バルハン,士兵巴尔汗,
CNT_Item,CNT_CHAR_PAWN_DESC,바르한 왕국의 충성스러운 기사,A loyal knight of the Barhan Kingdom.,バルハン王国の忠実な騎士。,巴尔汗王国的忠诚骑士。,
CNT_Item,CNT_CHAR_PAWN_UNLOCK,기본 캐릭터 (해금 불필요),Default character (no unlock needed),デフォルトキャラクター(解放不要),默认角色（无需解锁）,
CNT_Item,CNT_CHAR_BURNTHEAD_NAME,번트헤드,Burnthead,バーンヘッド,燃烧头,
CNT_Item,CNT_CHAR_BURNTHEAD_DESC,미커스 교수에 의해 개조된 인간 병기. 모든 것을 재로 만들어 버리는 데 탁월하다.,A human weapon remodeled by Professor Meakus. Exceptionally skilled at turning everything to ash.,ミーカス教授によって改造された人間兵器。すべてを灰にすることに秀でている。,由米卡斯教授改造的人形兵器，擅长将一切化为灰烬。,
CNT_Item,CNT_CHAR_BURNTHEAD_UNLOCK,화산 바이옴 클리어,Clear the Volcano biome,火山バイオームをクリア,通关火山生态区域,
CNT_Item,CNT_CHAR_CHRISTINA_NAME,크리스티나,Christina,クリスティーナ,克里斯蒂娜,
CNT_Item,CNT_CHAR_CHRISTINA_DESC,돈이 되는 거라면 뭐든 눈이 반짝거리는 여우 소녀,A fox girl whose eyes sparkle at anything that makes money.,お金になるものなら何にでも目を輝かせるキツネ少女。,只要能赚钱，眼睛就会发亮的狐狸少女。,
CNT_Item,CNT_CHAR_CHRISTINA_UNLOCK,하나의 런에서 누적 7777골드 소비,Spend a cumulative 7777 gold in a single run,1回のランで累計7777ゴールドを消費する,单局游戏中累计消费7777金币,
CNT_Item,CNT_CHAR_CLOVIS_NAME,클로비스,Clovis,クロヴィス,克洛维斯,
CNT_Item,CNT_CHAR_CLOVIS_DESC,생명과 순환에 대해 깨달은 무녀,A shrine maiden who has attained enlightenment on life and its cycles.,生命と循環について悟りを開いた巫女。,领悟了生命与循环之理的巫女。,
CNT_Item,CNT_CHAR_CLOVIS_UNLOCK,플레이어 최대체력 300 이상,Reach a player max HP of 300 or higher,プレイヤーの最大HPが300以上になる,玩家最大体力达到300以上,
CNT_Item,CNT_CHAR_COBICO_NAME,코비코 크림슨,Cobico Crimson,コビコ・クリムゾン,科比科·克里姆森,
CNT_Item,CNT_CHAR_COBICO_DESC,마룡의 심장을 빼앗은 장난기 많은 소악마,A mischievous little devil who stole the heart of a dragon.,魔竜の心臓を奪ったいたずら好きな小悪魔。,夺走魔龙之心的调皮小恶魔。,
CNT_Item,CNT_CHAR_COBICO_UNLOCK,비차원 바이옴 클리어,Clear the Void biome,非次元バイオームをクリア,通关虚空生态区域,
CNT_Item,ID_DICE_NAME_1001,기본 주사위,Basic Dice,基本のサイコロ,基础骰子,
CNT_Item,ID_DICE_DESC_1001,평범하지만 신뢰할 수 있는 표준 주사위입니다.,"An ordinary but reliable, standard die.",平凡だが信頼できる標準的なサイコロです。,平凡但可靠的标准骰子。,
CNT_Item,ID_DICE_NAME_1002,짝수 주사위,Even Dice,偶数のサイコロ,偶数骰子,
CNT_Item,ID_DICE_DESC_1002,"2, 4, 6 숫자가 나올 확률이 미세하게 높습니다.","Slightly increases the odds of rolling 2, 4, or 6.",2、4、6が出る確率がわずかに高くなります。,掷出2、4、6的概率略微提高。,
CNT_Item,ID_DICE_NAME_1003,홀수 주사위,Odd Dice,奇数のサイコロ,奇数骰子,
CNT_Item,ID_DICE_DESC_1003,"1, 3, 5 숫자가 나올 확률이 미세하게 높습니다.","Slightly increases the odds of rolling 1, 3, or 5.",1、3、5が出る確率がわずかに高くなります。,掷出1、3、5的概率略微提高。,
CNT_Item,ID_DICE_NAME_1004,1 고정 주사위,Fixed 1 Dice,1固定のサイコロ,1固定骰子,
CNT_Item,ID_DICE_DESC_1004,기이하게도 던지면 반드시 1만 나오는 주사위입니다.,"Strangely, this die always rolls a 1.",不思議なことに、投げると必ず1が出るサイコロです。,诡异的是，投掷必定掷出1。,
CNT_Item,ID_DICE_NAME_1005,2 고정 주사위,Fixed 2 Dice,2固定のサイコロ,2固定骰子,
CNT_Item,ID_DICE_DESC_1005,기이하게도 던지면 반드시 2만 나오는 주사위입니다.,"Strangely, this die always rolls a 2.",不思議なことに、投げると必ず2が出るサイコロです。,诡异的是，投掷必定掷出2。,
CNT_Item,ID_DICE_NAME_1006,3 고정 주사위,Fixed 3 Dice,3固定のサイコロ,3固定骰子,
CNT_Item,ID_DICE_DESC_1006,기이하게도 던지면 반드시 3만 나오는 주사위입니다.,"Strangely, this die always rolls a 3.",不思議なことに、投げると必ず3が出るサイコロです。,诡异的是，投掷必定掷出3。,
CNT_Item,ID_DICE_NAME_1007,4 고정 주사위,Fixed 4 Dice,4固定のサイコロ,4固定骰子,
CNT_Item,ID_DICE_DESC_1007,기이하게도 던지면 반드시 4만 나오는 주사위입니다.,"Strangely, this die always rolls a 4.",不思議なことに、投げると必ず4が出るサイコロです。,诡异的是，投掷必定掷出4。,
CNT_Item,ID_DICE_NAME_1008,5 고정 주사위,Fixed 5 Dice,5固定のサイコロ,5固定骰子,
CNT_Item,ID_DICE_DESC_1008,기이하게도 던지면 반드시 5만 나오는 주사위입니다.,"Strangely, this die always rolls a 5.",不思議なことに、投げると必ず5が出るサイコロです。,诡异的是，投掷必定掷出5。,
CNT_Item,ID_DICE_NAME_1009,6 고정 주사위,Fixed 6 Dice,6固定のサイコロ,6固定骰子,
CNT_Item,ID_DICE_DESC_1009,기이하게도 던지면 반드시 6만 나오는 주사위입니다.,"Strangely, this die always rolls a 6.",不思議なことに、投げると必ず6が出るサイコロです。,诡异的是，投掷必定掷出6。,
CNT_Item,ID_DICE_NAME_1010,하이 롤러(456),High Roller (456),ハイローラー(456),高额骰(456),
CNT_Item,ID_DICE_DESC_1010,"4, 5, 6 상위 숫자들만 등장하는 강력한 주사위입니다.","A powerful die that only rolls the high numbers 4, 5, and 6.",4、5、6の高い目だけが出る強力なサイコロです。,只会掷出4、5、6高点数的强力骰子。,
CNT_Item,ID_DICE_NAME_1011,로우 롤러(123),Low Roller (123),ローローラー(123),低额骰(123),
CNT_Item,ID_DICE_DESC_1011,"1, 2, 3 하위 숫자들만 등장하는 전략용 주사위입니다.","A tactical die that only rolls the low numbers 1, 2, and 3.",1、2、3の低い目だけが出る戦略用のサイコロです。,只会掷出1、2、3低点数的策略骰子。,
CNT_Item,ID_DICE_NAME_1012,코인 주사위,Coin Dice,コインのサイコロ,硬币骰子,
CNT_Item,ID_DICE_DESC_1012,결산 시 눈금의 10배만큼 골드를 획득합니다.,Gain gold equal to this die's face value x10 when scored.,決算時、出目の10倍のゴールドを獲得します。,结算时获得点数x10的金币。,
CNT_Item,ID_COAT_NAME_2001,바닐라,Vanilla,バニラ,香草,
CNT_Item,ID_COAT_DESC_2001,특별한 효과 없이 주사위 외형만 바꿔주는 코팅입니다.,A coating with no special effect — it only changes the die's look.,特別な効果はなく、サイコロの見た目だけを変えるコーティングです。,没有特殊效果，只改变骰子外观的涂层。,
CNT_Item,ID_COAT_NAME_2002,프리즘,Prism,プリズム,三棱镜,
CNT_Item,ID_COAT_DESC_2002,최종 배수를 1.2배 가산합니다.,Adds 1.2x to the multiplier.,最終倍率を1.2倍加算します。,最终倍率增加1.2倍。,
CNT_Item,ID_COAT_NAME_2003,골드,Gold,ゴールド,黄金,
CNT_Item,ID_COAT_DESC_2003,주사위 결산 시 눈금의 10배만큼 골드를 획득합니다.,Gain gold equal to this die's face value x10 when scored.,このサイコロが決算されると、出目の10倍のゴールドを獲得します。,该骰子结算时，获得点数x10的金币。,
CNT_Item,ID_COAT_NAME_2004,다크,Dark,ダーク,黑暗,
CNT_Item,ID_COAT_DESC_2004,결산 시 적 현재 체력의 10%만큼 피해를 줍니다.,Deals damage equal to 10% of the enemy's current HP when scored.,決算時、敵の現在HPの10%のダメージを与えます。,结算时对敌人造成当前体力10%的伤害。,
CNT_Item,ID_COAT_NAME_2005,아이스,Ice,アイス,冰,
CNT_Item,ID_COAT_DESC_2005,결산 시 칩수 +10을 추가합니다.,Adds +10 Chips when this die is scored.,決算時、チップ数+10を追加します。,结算时额外获得+10筹码。,
CNT_Item,CNT_SNACK_STEAK_NAME,스테이크,Steak,ステーキ,牛排,
CNT_Item,CNT_SNACK_STEAK_DESC,Hp 10 회복,Restores 10 HP,HPを10回復,恢复10点体力,
CNT_Item,CNT_SNACK_CHERRY_NAME,체리,Cherry,チェリー,樱桃,
CNT_Item,CNT_SNACK_CHERRY_DESC,최종 데미지 1.2배 추가,Adds a 1.2x multiplier to final damage,最終ダメージに1.2倍を追加,最终伤害额外增加1.2倍,
CNT_Item,CNT_SNACK_PANCAKE_NAME,팬케이크,Pancake,パンケーキ,煎饼,
CNT_Item,CNT_SNACK_PANCAKE_DESC,최종 점수 30점 추가,Adds 30 points to the final score,最終スコアに30点追加,最终得分增加30点,
CNT_Item,CNT_SNACK_LIME_JUICE_NAME,라임 주스,Lime Juice,ライムジュース,青柠汁,
CNT_Item,CNT_SNACK_LIME_JUICE_DESC,리롤 기회 1회 추가,Gain 1 extra reroll,リロール回数を1回追加,增加1次重投机会,
CNT_Item,CNT_SNACK_GARNISH_NAME,가니쉬,Garnish,ガーニッシュ,装饰品,
CNT_Item,CNT_SNACK_GARNISH_DESC,몬스터 박제 확률 증가,Increases the chance to turn a monster into a stuffed Figure,モンスターを剥製にする確率が上昇,提高将怪物制成标本的概率,
CNT_Item,CNT_SNACK_PEPPERMINT_NAME,페퍼민트,Peppermint,ペパーミント,薄荷糖,
CNT_Item,CNT_SNACK_PEPPERMINT_DESC,몬스터 박제 시도,Attempt to turn the current monster into a stuffed Figure,現在のモンスターを剥製にすることを試みる,尝试将当前怪物制成标本,
CNT_Item,CNT_TICKET_ONE_PAIR_NAME,원 페어 티켓,One Pair Ticket,ワンペアチケット,一对门票,
CNT_Item,CNT_TICKET_ONE_PAIR_DESC,원 페어 배수를 1.1배로 곱합니다. (기본 1.2 → 1.32),Multiplies the One Pair multiplier by 1.1x. (Base 1.2 → 1.32),ワンペアの倍率を1.1倍にします。(基本1.2 → 1.32),将一对的倍率乘以1.1倍。（基础1.2 → 1.32）,
CNT_Item,CNT_TICKET_TWO_PAIR_NAME,투 페어 티켓,Two Pair Ticket,ツーペアチケット,两对门票,
CNT_Item,CNT_TICKET_TWO_PAIR_DESC,투 페어 배수를 1.1배로 곱합니다. (기본 1.4 → 1.54),Multiplies the Two Pair multiplier by 1.1x. (Base 1.4 → 1.54),ツーペアの倍率を1.1倍にします。(基本1.4 → 1.54),将两对的倍率乘以1.1倍。（基础1.4 → 1.54）,
CNT_Item,CNT_TICKET_TRIPLE_NAME,트리플 티켓,Triple Ticket,スリーカードチケット,三条门票,
CNT_Item,CNT_TICKET_TRIPLE_DESC,트리플 배수를 1.1배로 곱합니다. (기본 1.5 → 1.65),Multiplies the Triple multiplier by 1.1x. (Base 1.5 → 1.65),スリーカードの倍率を1.1倍にします。(基本1.5 → 1.65),将三条的倍率乘以1.1倍。（基础1.5 → 1.65）,
CNT_Item,CNT_TICKET_FULL_HOUSE_NAME,풀하우스 티켓,Full House Ticket,フルハウスチケット,葫芦门票,
CNT_Item,CNT_TICKET_FULL_HOUSE_DESC,풀하우스 배수를 1.1배로 곱합니다. (기본 1.7 → 1.87),Multiplies the Full House multiplier by 1.1x. (Base 1.7 → 1.87),フルハウスの倍率を1.1倍にします。(基本1.7 → 1.87),将葫芦的倍率乘以1.1倍。（基础1.7 → 1.87）,
CNT_Item,CNT_TICKET_FOUR_OF_A_KIND_NAME,포카드 티켓,Four of a Kind Ticket,フォーカードチケット,四条门票,
CNT_Item,CNT_TICKET_FOUR_OF_A_KIND_DESC,포카드 배수를 1.1배로 곱합니다. (기본 1.8 → 1.98),Multiplies the Four of a Kind multiplier by 1.1x. (Base 1.8 → 1.98),フォーカードの倍率を1.1倍にします。(基本1.8 → 1.98),将四条的倍率乘以1.1倍。（基础1.8 → 1.98）,
CNT_Item,CNT_TICKET_STRAIGHT_NAME,스트레이트 티켓,Straight Ticket,ストレートチケット,顺子门票,
CNT_Item,CNT_TICKET_STRAIGHT_DESC,스트레이트 배수를 1.1배로 곱합니다. (기본 2.0 → 2.2),Multiplies the Straight multiplier by 1.1x. (Base 2.0 → 2.2),ストレートの倍率を1.1倍にします。(基本2.0 → 2.2),将顺子的倍率乘以1.1倍。（基础2.0 → 2.2）,
CNT_Item,CNT_TICKET_HIGH_CARD_NAME,하이카드 티켓,High Card Ticket,ハイカードチケット,高牌门票,
CNT_Item,CNT_TICKET_HIGH_CARD_DESC,하이카드 배수를 1.1배로 곱합니다. (기본 1.0 → 1.1),Multiplies the High Card multiplier by 1.1x. (Base 1.0 → 1.1),ハイカードの倍率を1.1倍にします。(基本1.0 → 1.1),将高牌的倍率乘以1.1倍。（基础1.0 → 1.1）,
CNT_Item,CNT_TICKET_YACHT_NAME,야추 티켓,Yacht Ticket,ヤッツィーチケット,快艇门票,
CNT_Item,CNT_TICKET_YACHT_DESC,야추 배수를 1.1배로 곱합니다. (기본 2.5 → 2.75),Multiplies the Yacht multiplier by 1.1x. (Base 2.5 → 2.75),ヤッツィーの倍率を1.1倍にします。(基本2.5 → 2.75),将快艇的倍率乘以1.1倍。（基础2.5 → 2.75）,
CNT_Item,CNT_TICKET_PACK_NAME,티켓팩,Ticket Pack,チケットパック,门票包,
CNT_Item,CNT_TICKET_PACK_DESC,구매하면 족보 티켓 1장을 선택합니다. 배수는 바로 오르지 않습니다. (가격 300G),Purchasing lets you choose 1 hand ticket. The multiplier doesn't increase immediately. (Price: 300G),購入すると役チケットを1枚選択できます。倍率はすぐには上がりません。(価格300G),购买后可选择1张牌型门票。倍率不会立即提升。（价格300金币）,
CNT_Item,CNT_Coin_NAME,코인 주사위,Coin Dice,コインのサイコロ,硬币骰子,
CNT_Item,CNT_Coin_DESC,결산 시 눈금의 10배만큼 골드를 획득합니다.,Gain gold equal to this die's face value x10 when scored.,決算時、出目の10倍のゴールドを獲得します。,结算时获得点数x10的金币。,
CNT_Item,CNT_Vanilla_NAME,바닐라,Vanilla,バニラ,香草,
CNT_Item,CNT_Vanilla_DESC,특별한 효과 없이 주사위 외형만 바꿔주는 코팅입니다.,A coating with no special effect — it only changes the die's look.,特別な効果はなく、サイコロの見た目だけを変えるコーティングです。,没有特殊效果，只改变骰子外观的涂层。,
CNT_Item,CNT_Prism_NAME,프리즘,Prism,プリズム,三棱镜,
CNT_Item,CNT_Prism_DESC,최종 배수를 1.2배 가산합니다.,Adds 1.2x to the multiplier.,最終倍率を1.2倍加算します。,最终倍率增加1.2倍。,
CNT_Item,CNT_Gold_NAME,골드,Gold,ゴールド,黄金,
CNT_Item,CNT_Gold_DESC,주사위 결산 시 눈금의 10배만큼 골드를 획득합니다.,Gain gold equal to this die's face value x10 when scored.,このサイコロが決算されると、出目の10倍のゴールドを獲得します。,该骰子结算时，获得点数x10的金币。,
CNT_Item,CNT_Dark_NAME,다크,Dark,ダーク,黑暗,
CNT_Item,CNT_Dark_DESC,결산 시 적 현재 체력의 10%만큼 피해를 줍니다.,Deals damage equal to 10% of the enemy's current HP when scored.,決算時、敵の現在HPの10%のダメージを与えます。,结算时对敌人造成当前体力10%的伤害。,
CNT_Item,CNT_Ice_NAME,아이스,Ice,アイス,冰,
CNT_Item,CNT_Ice_DESC,결산 시 칩수 +10을 추가합니다.,Adds +10 Chips when this die is scored.,決算時、チップ数+10を追加します。,结算时额外获得+10筹码。,
CNT_Item,CNT_High_NAME,하이 롤러(456),High Roller (456),ハイローラー(456),高额骰(456),
CNT_Item,CNT_High_DESC,"4, 5, 6 상위 숫자들만 등장하는 강력한 주사위입니다.","A powerful die that only rolls the high numbers 4, 5, and 6.",4、5、6の高い目だけが出る強力なサイコロです。,只会掷出4、5、6高点数的强力骰子。,
CNT_Item,CNT_Low_NAME,로우 롤러(123),Low Roller (123),ローローラー(123),低额骰(123),
CNT_Item,CNT_Low_DESC,"1, 2, 3 하위 숫자들만 등장하는 전략용 주사위입니다.","A tactical die that only rolls the low numbers 1, 2, and 3.",1、2、3の低い目だけが出る戦略用のサイコロです。,只会掷出1、2、3低点数的策略骰子。,
CNT_Item,CNT_Even_NAME,짝수 주사위,Even Dice,偶数のサイコロ,偶数骰子,
CNT_Item,CNT_Even_DESC,"2, 4, 6 숫자가 나올 확률이 미세하게 높습니다.","Slightly increases the odds of rolling 2, 4, or 6.",2、4、6が出る確率がわずかに高くなります。,掷出2、4、6的概率略微提高。,
CNT_Item,CNT_Odd_NAME,홀수 주사위,Odd Dice,奇数のサイコロ,奇数骰子,
CNT_Item,CNT_Odd_DESC,"1, 3, 5 숫자가 나올 확률이 미세하게 높습니다.","Slightly increases the odds of rolling 1, 3, or 5.",1、3、5が出る確率がわずかに高くなります。,掷出1、3、5的概率略微提高。,
CNT_Item,CNT_One_NAME,1 고정 주사위,Fixed 1 Dice,1固定のサイコロ,1固定骰子,
CNT_Item,CNT_One_DESC,기이하게도 던지면 반드시 1만 나오는 주사위입니다.,"Strangely, this die always rolls a 1.",不思議なことに、投げると必ず1が出るサイコロです。,诡异的是，投掷必定掷出1。,
CNT_Item,CNT_Two_NAME,2 고정 주사위,Fixed 2 Dice,2固定のサイコロ,2固定骰子,
CNT_Item,CNT_Two_DESC,기이하게도 던지면 반드시 2만 나오는 주사위입니다.,"Strangely, this die always rolls a 2.",不思議なことに、投げると必ず2が出るサイコロです。,诡异的是，投掷必定掷出2。,
CNT_Item,CNT_Three_NAME,3 고정 주사위,Fixed 3 Dice,3固定のサイコロ,3固定骰子,
CNT_Item,CNT_Three_DESC,기이하게도 던지면 반드시 3만 나오는 주사위입니다.,"Strangely, this die always rolls a 3.",不思議なことに、投げると必ず3が出るサイコロです。,诡异的是，投掷必定掷出3。,
CNT_Item,CNT_Four_NAME,4 고정 주사위,Fixed 4 Dice,4固定のサイコロ,4固定骰子,
CNT_Item,CNT_Four_DESC,기이하게도 던지면 반드시 4만 나오는 주사위입니다.,"Strangely, this die always rolls a 4.",不思議なことに、投げると必ず4が出るサイコロです。,诡异的是，投掷必定掷出4。,
CNT_Item,CNT_Five_NAME,5 고정 주사위,Fixed 5 Dice,5固定のサイコロ,5固定骰子,
CNT_Item,CNT_Five_DESC,기이하게도 던지면 반드시 5만 나오는 주사위입니다.,"Strangely, this die always rolls a 5.",不思議なことに、投げると必ず5が出るサイコロです。,诡异的是，投掷必定掷出5。,
CNT_Item,CNT_Six_NAME,6 고정 주사위,Fixed 6 Dice,6固定のサイコロ,6固定骰子,
CNT_Item,CNT_Six_DESC,기이하게도 던지면 반드시 6만 나오는 주사위입니다.,"Strangely, this die always rolls a 6.",不思議なことに、投げると必ず6が出るサイコロです。,诡异的是，投掷必定掷出6。,
CNT_Item,CNT_Heart_NAME,하트 주사위,Heart Dice,ハートのサイコロ,爱心骰子,
CNT_Item,CNT_Heart_DESC,결산 시 눈금만큼 체력을 회복합니다.,Restores HP equal to this die's face value when scored.,決算時、出目の分だけHPを回復します。,结算时按点数恢复体力。,
CNT_Item,CNT_Flame_NAME,화염 주사위,Flame Dice,フレイムのサイコロ,火焰骰子,
CNT_Item,CNT_Flame_DESC,결산 시 눈금에 비례한 화상 피해를 줍니다.,Deals burn damage based on this die's face value when scored.,決算時、出目に応じた火傷ダメージを与えます。,结算时根据点数造成灼烧伤害。,
CNT_Item,CNT_88Dice_NAME,88 주사위,88 Dice,88のサイコロ,88骰子,
CNT_Item,CNT_88Dice_DESC,모든 면이 88인 주사위입니다.,Every face of this die shows 88.,すべての面が88のサイコロです。,每一面都是88的骰子。,
